schema_version,run_id,episode_idx,worker_id,train_seed,eval_seed,requested_depth,effective_depth,use_expectimax,score,max_tile,max_log_tile,steps,episode_time_s,mean_move_time_ms,median_move_time_ms,p95_move_time_ms,max_move_time_ms,termination_reason,win_1024,win_2048,win_4096,win_8192,total_think_ms,total_nodes,total_batches,total_tt_lookups,total_tt_hits,total_tt_collisions,total_tt_same_key_overwrites,total_moves_resolved,total_moves_unresolved,total_cap_hits,total_alpha_beta_cuts,total_chance_nodes,total_max_nodes,mean_chance_value,mean_empty_cells,min_empty_cells,mean_merge_score,mean_nps,mean_tt_hit_rate,mean_nodes_per_batch_call
1.0.0,f71eebee-90d0-42ba-91ca-43a2f4dae1a8,0,0,,20482048,2,2,True,15816,1024,10,920,16.274692817998584,17.53327767825755,14.056960499146953,31.898669548536414,1196.8126360006863,board_full,True,False,False,False,15140.68609900001,2856263,4217,2856263,925713,269,68110,3316,0,0,0,296965,2559298,50.80347674193436,5.566304347826087,0,0.0,188648.18815500353,0.3240993563968024,677.3210813374437
1.0.0,f71eebee-90d0-42ba-91ca-43a2f4dae1a8,1,0,,20482049,2,2,True,27176,2048,11,1413,17.25711352399958,12.167261644074456,11.346258004778065,19.71520779916318,118.93392400088487,board_full,True,True,False,False,16779.251355,4005542,6433,4005542,1311522,12521,97895,5060,0,0,0,425630,3579912,49.86315986468544,5.197452229299363,0,0.0,238719.94734773436,0.3274268500991876,622.6553707445981
1.0.0,f71eebee-90d0-42ba-91ca-43a2f4dae1a8,2,0,,20482050,2,2,True,16076,1024,10,943,12.429019427996536,13.13400453854733,12.46508600161178,20.868207902094582,125.22005399659975,board_full,True,False,False,False,12103.597905999999,3054592,4318,3054592,994052,45517,72307,3412,0,0,0,313282,2741310,51.090707899562155,5.767762460233298,0,0.0,252370.57804818323,0.3254287315621857,707.4089856415007
1.0.0,f71eebee-90d0-42ba-91ca-43a2f4dae1a8,3,0,,20482051,2,2,True,19800,1024,10,1168,13.48342667399993,11.498287272108229,10.895063998759724,19.123350998779628,121.89600800047629,board_full,True,False,False,False,13085.93536500001,3042343,5266,3042343,1001059,108866,77583,4135,0,0,0,332029,2710314,48.46509085260449,4.943493150684931,0,0.0,232489.53285656075,0.3290421231268138,577.7331940751994
1.0.0,f71eebee-90d0-42ba-91ca-43a2f4dae1a8,4,0,,20482052,2,2,True,15624,1024,10,916,11.033768371999031,11.99964679469649,11.531876501976512,19.10004025012313,117.45782599609811,board_full,True,False,False,False,10717.037048000004,2603158,4136,2603158,857822,165559,65380,3256,0,0,0,281050,2322108,50.00534034561377,5.418122270742358,0,0.0,242899.0390105815,0.32953128469343773,629.3902321083173
1.0.0,f71eebee-90d0-42ba-91ca-43a2f4dae1a8,5,0,,20482053,2,2,True,16128,1024,10,948,11.915872080004192,12.523170061189845,11.915048497030511,19.56618414769764,123.47675199998775,board_full,True,False,False,False,11585.140675000019,2844755,4317,2844755,937292,277888,69652,3407,0,0,0,298455,2546300,49.99838631532072,5.506329113924051,0,0.0,245552.0463500971,0.3294807461450986,658.9657169330553
1.0.0,f71eebee-90d0-42ba-91ca-43a2f4dae1a8,6,0,,20482054,2,2,True,15456,1024,10,923,12.357755049000843,13.341554591524224,12.506042003224138,22.262118105572878,139.10075100284303,board_full,True,False,False,False,12028.585569000012,2806946,4197,2806946,926276,385483,67862,3305,0,0,0,292572,2514374,50.87031561059385,5.563380281690141,0,0.0,233356.28149281675,0.3299942357280831,668.7981891827496
1.0.0,f71eebee-90d0-42ba-91ca-43a2f4dae1a8,7,0,,20482055,2,2,True,12784,1024,10,771,9.699316789003205,12.534174347735293,11.994630003755447,18.951620502775768,121.79821600147989,board_full,True,False,False,False,9428.73624200001,2266456,3490,2266456,765933,401266,57421,2771,0,0,0,244454,2022002,50.993102860140716,5.7042801556420235,0,0.0,240377.49512009285,0.33794302646951896,649.4143266475645
1.0.0,f71eebee-90d0-42ba-91ca-43a2f4dae1a8,8,0,,20482056,2,2,True,27256,2048,11,1417,15.541163264002535,10.921559045941176,10.403168998891488,18.808951800747312,122.16801899921848,board_full,True,True,False,False,15046.624024000006,3398330,6351,3398330,1146355,763934,90726,4985,0,0,0,385218,3013112,48.28431980999037,4.755822159491884,0,0.0,225853.32062391663,0.3373289233241033,535.0858132577547
1.0.0,f71eebee-90d0-42ba-91ca-43a2f4dae1a8,9,0,,20482057,2,2,True,35564,2048,11,1825,20.14443860299798,10.992391501451294,10.710644004575443,18.409341204096563,120.36815600004047,board_full,True,True,False,False,19523.339305000023,4231012,8218,4231012,1427920,1213950,113450,6440,0,0,0,485050,3745962,47.79712028801916,4.592876712328767,0,0.0,216715.59019191033,0.3374889979040475,514.8469213920662
1.0.0,f71eebee-90d0-42ba-91ca-43a2f4dae1a8,10,0,,20482058,2,2,True,16564,1024,10,991,12.58385639500193,12.65104100300273,11.886161999427713,19.83749099963461,125.45512599899666,board_full,True,False,False,False,12235.446454,2972403,4512,2972403,997821,964455,74700,3581,0,0,0,315661,2656742,50.738140456365464,5.650857719475278,0,0.0,242933.7589907285,0.3356950588463274,658.7772606382979
1.0.0,f71eebee-90d0-42ba-91ca-43a2f4dae1a8,11,0,,20482059,2,2,True,7384,512,9,514,6.840675922001537,13.262481710081172,13.07874100166373,19.226544897901476,113.81308099953458,board_full,False,False,False,False,6659.021150000001,1669686,2336,1669686,564679,594801,40689,1861,0,0,0,172270,1497416,52.19875273161686,6.021400778210117,0,0.0,250740.45605036104,0.3381947264335929,714.7628424657535
1.0.0,f71eebee-90d0-42ba-91ca-43a2f4dae1a8,12,0,,20482060,2,2,True,50068,4096,12,2267,24.539448846997402,10.775344034861623,10.299879002559464,17.707606898329672,122.89579900243552,board_full,True,True,True,False,23689.740712000003,5325324,10286,5325324,1805821,2169311,145129,8076,0,0,0,612900,4712424,47.50041608886441,4.6285840317600355,0,0.0,224794.5245471794,0.3391006819491171,517.7254520707758
1.0.0,f71eebee-90d0-42ba-91ca-43a2f4dae1a8,13,0,,20482061,2,2,True,14820,1024,10,879,11.205029425997054,12.69532239363857,12.120861996663734,20.682686001964605,125.39327700505964,board_full,True,False,False,False,10853.166544999982,2405175,3980,2405175,820577,1046691,63011,3134,0,0,0,261907,2143268,50.548379309043646,5.283276450511946,0,0.0,221610.43876250627,0.34117143243215153,604.3153266331658
1.0.0,f71eebee-90d0-42ba-91ca-43a2f4dae1a8,14,0,,20482062,2,2,True,3252,256,8,265,4.009098391994485,15.076252656444064,15.146050995099358,23.604705196339637,125.96735500119394,board_full,False,False,False,False,3902.7280410000008,995485,1199,995485,333701,405815,24286,963,0,0,0,97333,898152,54.36289169837018,6.686792452830189,0,0.0,255074.14033003582,0.335214493437872,830.2627189324437
1.0.0,f71eebee-90d0-42ba-91ca-43a2f4dae1a8,15,0,,20482063,2,2,True,7512,512,9,529,7.611379757996474,14.337397941227211,14.429570001084358,20.871394198911727,132.79273100488354,board_full,False,False,False,False,7403.214693999997,1887105,2416,1887105,633434,809611,46890,1929,0,0,0,188501,1698604,52.854898126892415,6.457466918714556,0,0.0,254903.4545127297,0.3356644171892926,781.0865066225166
1.0.0,f71eebee-90d0-42ba-91ca-43a2f4dae1a8,16,0,,20482064,2,2,True,16420,1024,10,979,11.06225297900528,11.250789569928886,10.365932997956406,18.54108209736295,129.7618680036976,board_full,True,False,False,False,10697.224987000014,2572015,4436,2572015,884982,1181045,71209,3526,0,0,0,285939,2286076,50.010698031884665,5.180796731358529,0,0.0,240437.59041486788,0.3440811970381199,579.8050045085663
1.0.0,f71eebee-90d0-42ba-91ca-43a2f4dae1a8,17,0,,20482065,2,2,True,27088,2048,11,1408,18.2653057849966,12.923904330906764,12.673280500166584,20.169339898711762,134.94102699769428,board_full,True,True,False,False,17725.858239,3966393,6463,3966393,1340503,1925340,103859,5084,0,0,0,431547,3534846,49.18597575764055,5.317471590909091,0,0.0,223763.1005799899,0.33796524953528306,613.7077208726597
1.0.0,f71eebee-90d0-42ba-91ca-43a2f4dae1a8,18,0,,20482066,2,2,True,14300,1024,10,818,10.271586688002571,12.508519584256678,11.808835497504333,21.277284650568618,126.13026600593003,board_full,True,False,False,False,9960.079099,2354633,3675,2354633,794799,1140778,61274,2900,0,0,0,248411,2106222,50.09705817729971,5.385085574572127,0,0.0,236407.0582769174,0.3375468703615383,640.716462585034
1.0.0,f71eebee-90d0-42ba-91ca-43a2f4dae1a8,19,0,,20482067,2,2,True,36840,2048,11,1929,20.754814808999072,10.71029587137885,9.759617001691367,20.00936599943088,120.31248700077413,board_full,True,True,False,False,20030.033768999983,4181446,8637,4181446,1416474,2154908,116391,6763,0,0,0,482410,3699036,46.473120610664665,4.329704510108865,0,0.0,208758.80930722773,0.33875219242338656,484.13175871251593
1.0.0,f71eebee-90d0-42ba-91ca-43a2f4dae1a8,20,0,,20482068,2,2,True,16236,1024,10,966,13.499111798999365,13.925757202843489,13.588522997451946,20.829850504014757,130.52022500050953,board_full,True,False,False,False,13131.206948999974,3377274,4450,3377274,1131554,1692487,82947,3511,0,0,0,340300,3036974,51.207573107355074,6.108695652173913,0,0.0,257194.48433924813,0.3350495103447336,758.9379775280898
1.0.0,f71eebee-90d0-42ba-91ca-43a2f4dae1a8,21,0,,20482069,2,2,True,56508,4096,12,2586,31.240991644001042,12.031218534407882,11.474454498966224,20.120470746405772,136.27163699857192,board_full,True,True,True,False,30243.484529000023,6430394,11771,6430394,2172844,3455346,171152,9233,0,0,0,724014,5706380,47.80587336711832,4.750966744006187,0,0.0,212620.80412176021,0.3379021565397081,546.2912241950556
1.0.0,f71eebee-90d0-42ba-91ca-43a2f4dae1a8,22,0,,20482070,2,2,True,34264,2048,11,1740,19.866809453000315,11.369025518860294,10.562841998762451,19.555353701434797,133.76548099768115,board_full,True,True,False,False,19207.480638999987,4051703,7903,4051703,1402598,2171654,117132,6229,0,0,0,467451,3584252,47.251199448274846,4.645402298850574,0,0.0,210944.01062538032,0.34617492940622746,512.6791091990383
1.0.0,f71eebee-90d0-42ba-91ca-43a2f4dae1a8,23,0,,20482071,2,2,True,7348,512,9,505,6.565493358997628,12.953428550416461,12.420619001204614,20.894464805314776,120.58649299433455,board_full,False,False,False,False,6377.291715999998,1736877,2272,1736877,589507,888119,44214,1805,0,0,0,173957,1562920,51.97928870137085,6.302970297029703,0,0.0,272353.3871976323,0.3394063022309582,764.4705105633802
1.0.0,f71eebee-90d0-42ba-91ca-43a2f4dae1a8,24,0,,20482072,2,2,True,16476,1024,10,973,12.280131131999951,12.571491753402942,11.785899005190004,20.586950598226395,128.59297200338915,board_full,True,False,False,False,11905.822071000004,2810246,4416,2810246,960994,1486667,74483,3506,0,0,0,299890,2510356,50.166618298999495,5.50256937307297,0,0.0,236039.64373406424,0.34196081054825805,636.3781702898551
1.0.0,f71eebee-90d0-42ba-91ca-43a2f4dae1a8,25,0,,20482073,2,2,True,27112,2048,11,1409,19.05527492299734,13.474074909225779,13.131955005519558,20.78678359685,127.3536239968962,board_full,True,True,False,False,18505.731057999936,4169773,6405,4169773,1401535,2251086,106163,5040,0,0,0,441841,3727932,50.03448566438387,5.469836763662172,0,0.0,225323.33291407194,0.3361178174447386,651.0184231069477
1.0.0,f71eebee-90d0-42ba-91ca-43a2f4dae1a8,26,0,,20482074,2,2,True,15424,1024,10,895,10.756889682001201,11.970048327361202,11.367405000783037,19.222928701492492,128.3895870001288,board_full,True,False,False,False,10415.56706999999,2446745,4059,2446745,838235,1311533,66277,3200,0,0,0,266695,2180050,49.20162134250733,5.251396648044692,0,0.0,234912.31764493856,0.34259189249390515,602.7950234047795
1.0.0,f71eebee-90d0-42ba-91ca-43a2f4dae1a8,27,0,,20482075,2,2,True,10920,1024,10,660,8.533678091000183,12.88135102742782,11.917831499886233,20.688875299674688,126.59051900118357,board_full,True,False,False,False,8280.695300999998,1958156,2998,1958156,677208,1036187,52715,2384,0,0,0,208244,1749912,51.87302751424294,5.724242424242425,0,0.0,236472.41310322433,0.34583965731024496,653.1541027351568
1.0.0,f71eebee-90d0-42ba-91ca-43a2f4dae1a8,28,0,,20482076,2,2,True,16760,1024,10,992,12.225498234001861,12.275459931523132,11.431712002377026,20.900216352674754,160.95452900481177,board_full,True,False,False,False,11842.362332000017,2667044,4479,2667044,908385,1434426,71042,3530,0,0,0,289754,2377290,49.50786946081569,5.168346774193548,0,0.0,225212.1599753123,0.3405961806404394,595.4552355436481
1.0.0,f71eebee-90d0-42ba-91ca-43a2f4dae1a8,29,0,,20482077,2,2,True,17224,1024,10,1016,14.173559943003056,13.900895898737284,13.504120503057493,20.9064889986621,142.8423079996719,board_full,True,False,False,False,13777.987459000013,3206611,4646,3206611,1074945,1711854,80621,3677,0,0,0,334107,2872504,50.323992314055495,5.772637795275591,0,0.0,232734.35322409065,0.3352277529142138,690.1874730951356
1.0.0,f71eebee-90d0-42ba-91ca-43a2f4dae1a8,30,0,,20482078,2,2,True,28072,2048,11,1478,17.898378824997053,12.061179565634673,11.782639499870129,18.633289249919468,130.11962299788138,board_full,True,True,False,False,17328.69969099999,3872450,6707,3872450,1310324,2126460,102493,5272,0,0,0,429224,3443226,49.24954591215549,5.052097428958051,0,0.0,223470.31624139895,0.33837079884827437,577.3743849709259
1.0.0,f71eebee-90d0-42ba-91ca-43a2f4dae1a8,31,0,,20482079,2,2,True,27484,2048,11,1442,18.605080729998008,12.850820164444404,12.414393997460138,20.745790297951316,130.34054599847877,board_full,True,True,False,False,18029.62885499998,3679501,6582,3679501,1252493,2011790,100397,5168,0,0,0,410475,3269026,48.88795328598928,4.89251040221914,0,0.0,204080.79553892757,0.340397515858808,559.0247645092677
1.0.0,f71eebee-90d0-42ba-91ca-43a2f4dae1a8,32,0,,20482080,2,2,True,17408,1024,10,1035,13.073449862997222,12.580724554534289,11.663551005767658,22.951916600140965,129.35652500163997,board_full,True,False,False,False,12673.848371000007,3001041,4708,3001041,1009795,1565824,79931,3696,0,0,0,316207,2684834,49.47831452048907,5.33719806763285,0,0.0,236790.03505098808,0.33648157422707653,637.4343670348343
1.0.0,f71eebee-90d0-42ba-91ca-43a2f4dae1a8,33,0,,20482081,2,2,True,8384,512,9,568,6.6597529189966735,11.67499738364992,11.150369497045176,19.54414710162382,131.45430000440683,board_full,False,False,False,False,6442.190426999996,1547776,2554,1547776,543484,818124,43080,2036,0,0,0,168560,1379216,50.50262679654447,5.441901408450704,0,0.0,240256.17024810138,0.3511386660602051,606.0203602192639
1.0.0,f71eebee-90d0-42ba-91ca-43a2f4dae1a8,34,0,,20482082,2,2,True,36096,2048,11,1866,20.32147490599891,10.8422152299539,10.20758999948157,18.294993500603596,128.52491800003918,board_full,True,True,False,False,19623.160243999966,4506128,8408,4506128,1529673,2489871,122628,6601,0,0,0,510624,3995504,48.29041958717779,4.787245444801715,0,0.0,229633.14491496378,0.33946505736188587,535.9333967649857
1.0.0,f71eebee-90d0-42ba-91ca-43a2f4dae1a8,35,0,,20482083,2,2,True,36036,2048,11,1857,20.30488845200307,10.885434905772035,10.167296000872739,18.86767099786084,129.64392700087046,board_full,True,True,False,False,19607.486138000007,4410023,8383,4410023,1501282,2436884,120977,6583,0,0,0,501691,3908332,47.57127071292298,4.684975767366721,0,0.0,224915.26802373806,0.34042498191052517,526.0673983060957
1.0.0,f71eebee-90d0-42ba-91ca-43a2f4dae1a8,36,0,,20482084,2,2,True,16484,1024,10,968,11.589713624001888,11.924688385470064,10.917562500253553,19.475737702305196,122.57147999480367,board_full,True,False,False,False,11228.199443999994,2911733,4406,2911733,989770,1537780,77145,3475,0,0,0,306841,2604892,50.18752589467949,5.588842975206612,0,0.0,259323.23472896102,0.33992471150342424,660.8563322741716
1.0.0,f71eebee-90d0-42ba-91ca-43a2f4dae1a8,37,0,,20482085,2,2,True,36636,2048,11,1919,21.044255902997975,10.917040749721814,9.849592999671586,19.587329705245793,131.5988729984383,board_full,True,True,False,False,20319.47862499996,4532009,8643,4532009,1526342,2483514,122757,6778,0,0,0,509687,4022322,46.90116572902519,4.577384054194893,0,0.0,223037.66172543756,0.33679147592160563,524.3560106444521
1.0.0,f71eebee-90d0-42ba-91ca-43a2f4dae1a8,38,0,,20482086,2,2,True,34800,2048,11,1794,20.162217344004603,11.189558986064073,10.402744999737479,18.96727079547417,127.58400199527387,board_full,True,True,False,False,19485.722770000004,4568913,8146,4568913,1543432,2504542,121800,6376,0,0,0,505299,4063614,47.977333763816226,4.835562987736901,0,0.0,234474.90523852914,0.3378116414123009,560.8780996808249
1.0.0,f71eebee-90d0-42ba-91ca-43a2f4dae1a8,39,0,,20482087,2,2,True,33264,2048,11,1722,21.001912236999488,12.14413012141352,11.237046503083548,21.78942185310005,141.67229600570863,board_full,True,True,False,False,20315.148870999994,3922564,7770,3922564,1343096,2175847,108263,6110,0,0,0,449990,3472574,47.66187218473424,4.508130081300813,0,0.0,193085.66355619897,0.3424025713793325,504.83449163449166
1.0.0,f71eebee-90d0-42ba-91ca-43a2f4dae1a8,40,0,,20482088,2,2,True,23360,2048,11,1208,15.057176654001523,12.412505348544338,12.03000999885262,20.224925897127832,143.2378039971809,board_full,True,True,False,False,14575.516837999978,3025761,5433,3025761,1036762,1661131,82631,4267,0,0,0,339087,2686674,49.55358721259764,4.902317880794702,0,0.0,207592.02117015212,0.3426450403716619,556.9226946438432
1.0.0,f71eebee-90d0-42ba-91ca-43a2f4dae1a8,41,0,,20482089,2,2,True,14600,1024,10,862,11.613171400000283,13.422767050004362,12.960002000909299,21.214619404418038,137.63338800345082,board_full,True,False,False,False,11276.701372999984,2525935,3932,2525935,859198,1330883,67683,3096,0,0,0,270457,2255478,50.44272196553559,5.547563805104408,0,0.0,223995.91125538654,0.34015047893156397,642.4046286876908
1.0.0,f71eebee-90d0-42ba-91ca-43a2f4dae1a8,42,0,,20482090,2,2,True,14428,1024,10,839,11.439097407994268,13.582923140733614,12.981419000425376,21.616914100013673,124.2132369952742,board_full,True,False,False,False,11108.280435999983,2648529,3785,2648529,881484,1419719,65204,2979,0,0,0,273551,2374978,51.07736614968108,5.823599523241954,0,0.0,238428.35218820936,0.33282021831741315,699.7434610303831
1.0.0,f71eebee-90d0-42ba-91ca-43a2f4dae1a8,43,0,,20482091,2,2,True,26940,2048,11,1403,16.191236086997378,11.49039164793987,10.963198998069856,18.80752699726144,132.43274599517463,board_full,True,True,False,False,15656.547347999993,3609244,6364,3609244,1232269,1981741,97392,5016,0,0,0,403388,3205856,49.07678111844953,5.045616535994298,0,0.0,230526.17667081332,0.3414202531056365,567.1345065996229
1.0.0,f71eebee-90d0-42ba-91ca-43a2f4dae1a8,44,0,,20482092,2,2,True,28032,2048,11,1479,16.817447492998326,11.322095499685988,10.601274996588472,19.456422000803286,131.5048590040533,board_full,True,True,False,False,16258.236929999997,3614912,6681,3614912,1237381,1984285,99284,5234,0,0,0,406292,3208620,48.81616117604551,4.750507099391481,0,0.0,222343.4198655143,0.3422990656480711,541.0734919922168
1.0.0,f71eebee-90d0-42ba-91ca-43a2f4dae1a8,45,0,,20482093,2,2,True,7964,512,9,546,7.340007915001479,13.393767944952552,13.755692001723219,20.510801246928168,132.38621700293152,board_full,False,False,False,False,7126.047979999998,1761987,2482,1761987,593854,916302,44800,1970,0,0,0,179889,1582098,52.11160868592784,5.822344322344322,0,0.0,247260.05282945072,0.3370365388620915,709.906124093473
1.0.0,f71eebee-90d0-42ba-91ca-43a2f4dae1a8,46,0,,20482094,2,2,True,15536,1024,10,907,12.106264064997958,13.29877969131723,12.547554993943777,21.915693701157576,138.29710600111866,board_full,True,False,False,False,11758.919250000012,2836163,4110,2836163,963434,1515714,72224,3250,0,0,0,296271,2539892,51.246555695997436,5.831312017640573,0,0.0,241192.48884203343,0.3396962727459599,690.06399026764
1.0.0,f71eebee-90d0-42ba-91ca-43a2f4dae1a8,47,0,,20482095,2,2,True,28920,2048,11,1533,18.252322139996977,11.857545611883948,11.077975999796763,19.447325398505196,129.98553000215907,board_full,True,True,False,False,17670.02351700003,3936482,6979,3936482,1339917,2162003,106079,5487,0,0,0,441184,3495298,49.05262332760779,4.998695368558383,0,0.0,222777.40582590498,0.34038438382291597,564.0467115632612
1.0.0,f71eebee-90d0-42ba-91ca-43a2f4dae1a8,48,0,,20482096,2,2,True,14716,1024,10,870,10.275258273999498,11.762125758564933,10.730802499892889,21.868504004305578,130.85180900088744,board_full,True,False,False,False,9950.23176099998,2305271,3898,2305271,788469,1220539,62443,3063,0,0,0,246547,2058724,49.39285963314942,5.006896551724138,0,0.0,231680.1312141823,0.3420287679843281,591.3984094407389
1.0.0,f71eebee-90d0-42ba-91ca-43a2f4dae1a8,49,0,,20482097,2,2,True,20740,1024,10,1212,15.356703215002199,12.620426454773089,12.088382496585837,20.24306945022545,134.11137900402537,board_full,True,False,False,False,14877.436782999985,3246229,5474,3246229,1094770,1769477,85687,4303,0,0,0,354663,2891566,49.45822358612546,5.175742574257426,0,0.0,218198.1377134381,0.33724361405187375,593.0268542199489
1.0.0,f71eebee-90d0-42ba-91ca-43a2f4dae1a8,50,0,,20482098,2,2,True,27224,2048,11,1415,17.709316703003424,12.46004107076771,10.98697700217599,24.456888597342182,154.53793099732138,board_full,True,True,False,False,17100.97558800002,3347397,6369,3347397,1136055,1841503,91965,4991,0,0,0,378831,2968566,48.13816036305722,4.645936395759717,0,0.0,195743.04300796223,0.3393846024239133,525.5765426283562
1.0.0,f71eebee-90d0-42ba-91ca-43a2f4dae1a8,51,0,,20482099,2,2,True,16196,1024,10,960,12.269224060997658,12.730838861216398,11.83741449858644,21.668761553155488,131.1172669957159,board_full,True,False,False,False,11887.866016000004,2891307,4349,2891307,976235,1523471,74740,3431,0,0,0,300825,2590482,50.66450213623067,5.495833333333334,0,0.0,243214.97198139344,0.33764487825056283,664.8211083007589
1.0.0,f71eebee-90d0-42ba-91ca-43a2f4dae1a8,52,0,,20482100,2,2,True,12224,1024,10,731,9.185959413996898,12.516671413024309,12.072992001776583,19.29212949835346,140.45199999964098,board_full,True,False,False,False,8896.874678000004,2126683,3322,2126683,739493,1131325,56864,2626,0,0,0,228121,1898562,51.09313699161704,5.522571819425445,0,0.0,239037.08627691644,0.3477213106043543,640.1815171583384
1.0.0,f71eebee-90d0-42ba-91ca-43a2f4dae1a8,53,0,,20482101,2,2,True,16760,1024,10,1008,12.808813112002099,12.657258862158674,11.894981504156021,20.826759199553635,138.15297800465487,board_full,True,False,False,False,12416.114181000006,2899719,4581,2899719,973496,1552721,75509,3605,0,0,0,309433,2590286,49.27950504353614,5.373015873015873,0,0.0,233544.80779802668,0.3357208060505173,632.9882121807466
1.0.0,f71eebee-90d0-42ba-91ca-43a2f4dae1a8,54,0,,20482102,2,2,True,35880,2048,11,1880,20.81021769500512,11.020902707957461,10.308917499060044,19.34472659995663,127.58347699855221,board_full,True,True,False,False,20108.648962000014,4324035,8440,4324035,1466950,2387577,118410,6622,0,0,0,491791,3832244,47.41660972984564,4.500531914893617,0,0.0,215033.59117617863,0.3392548857722012,512.3264218009479
1.0.0,f71eebee-90d0-42ba-91ca-43a2f4dae1a8,55,0,,20482103,2,2,True,15912,1024,10,929,11.614408115994593,12.452744736316873,11.557155004993547,22.469275997718793,134.8283370025456,board_full,True,False,False,False,11261.680577000003,2643346,4175,2643346,901201,1392901,69971,3278,0,0,0,278576,2364770,49.84743730240582,5.314316469321851,0,0.0,234720.38493069747,0.34093190978403887,633.1367664670659
1.0.0,f71eebee-90d0-42ba-91ca-43a2f4dae1a8,56,0,,20482104,2,2,True,29788,2048,11,1574,19.117256845005613,12.095082085024924,11.573004499950912,20.192019254682233,154.07850399788003,board_full,True,True,False,False,18502.52153099999,3975472,7137,3975472,1345262,2197727,106085,5605,0,0,0,444250,3531222,48.92283295573181,4.890088945362135,0,0.0,214861.09303206636,0.33839051061106706,557.0228387277567
1.0.0,f71eebee-90d0-42ba-91ca-43a2f4dae1a8,57,0,,20482105,2,2,True,14712,1024,10,861,10.708554074000858,12.387274094160542,11.236375001317356,22.1501129999524,130.5818319960963,board_full,True,False,False,False,10375.717640999996,2383893,3882,2383893,812929,1276812,63679,3046,0,0,0,256595,2127298,50.46652211311941,5.259001161440186,0,0.0,229756.92694064524,0.34100901340790046,614.0888717156105
1.0.0,f71eebee-90d0-42ba-91ca-43a2f4dae1a8,58,0,,20482106,2,2,True,16184,1024,10,963,12.079447314004938,12.494618396723482,11.815582001872826,20.088111099175876,140.49876500212122,board_full,True,False,False,False,11707.129093999985,2565959,4370,2565959,885658,1382420,69968,3452,0,0,0,281997,2283962,50.38418307020804,5.151609553478712,0,0.0,219179.18384577124,0.34515672308092216,587.1759725400458
1.0.0,f71eebee-90d0-42ba-91ca-43a2f4dae1a8,59,0,,20482107,2,2,True,14036,1024,10,846,9.540004376001889,11.227287185322917,10.116933997778688,19.878154251273372,129.71683999785455,board_full,True,False,False,False,9224.181937000005,2129755,3796,2129755,720341,1150537,57616,2998,0,0,0,234695,1895060,49.070943853899564,4.90661938534279,0,0.0,230888.22559506708,0.3382271669746051,561.0524236037935
1.0.0,f71eebee-90d0-42ba-91ca-43a2f4dae1a8,60,0,,20482108,2,2,True,29172,2048,11,1544,18.499868580998736,11.931316211189959,11.034330502297962,20.218140096767453,136.44112100155326,board_full,True,True,False,False,17897.391971999998,3993662,7007,3993662,1343917,2184427,106825,5515,0,0,0,443070,3550592,48.972319233348294,4.958549222797927,0,0.0,223142.12072060443,0.3365124539833366,569.9531896674754
1.0.0,f71eebee-90d0-42ba-91ca-43a2f4dae1a8,61,0,,20482109,2,2,True,15784,1024,10,922,11.209185799001716,12.10822392829537,11.499656004161807,19.66953125083819,131.16398200509138,board_full,True,False,False,False,10861.438417999985,2888571,4198,2888571,982415,1532539,75669,3304,0,0,0,300847,2587724,50.546803311418664,5.793926247288503,0,0.0,265947.3716863276,0.34010415530724364,688.0826584087661
1.0.0,f71eebee-90d0-42ba-91ca-43a2f4dae1a8,62,0,,20482110,2,2,True,26856,2048,11,1397,15.059325232999981,10.730736377289555,10.024410999903921,18.076118201133795,127.61950400454225,board_full,True,True,False,False,14534.472802000028,3301371,6309,3301371,1134093,1803478,92624,4968,0,0,0,374929,2926442,48.167448675477154,4.708661417322834,0,0.0,227140.74634655562,0.343521827749744,523.2796005706134
1.0.0,f71eebee-90d0-42ba-91ca-43a2f4dae1a8,63,0,,20482111,2,2,True,7920,512,9,550,6.679345041004126,12.096552505628841,11.725185002433136,18.7078749997454,126.95083000289742,board_full,False,False,False,False,6474.798545000001,1716745,2515,1716745,589574,896581,45709,1984,0,0,0,179709,1537036,51.93064859992739,5.796363636363636,1,0.0,265142.6122478688,0.34342549417647933,682.6023856858847
1.0.0,f71eebee-90d0-42ba-91ca-43a2f4dae1a8,64,0,,20482112,2,2,True,16172,1024,10,951,10.129644861000997,10.602835793938457,9.666637000918854,19.0306939985021,127.34489799913717,board_full,True,False,False,False,9776.797500999988,2340669,4231,2340669,800615,1265269,64112,3335,0,0,0,259427,2081242,49.05161612252291,4.841219768664564,0,0.0,239410.6045216332,0.34204537249820455,553.2188607894115
1.0.0,f71eebee-90d0-42ba-91ca-43a2f4dae1a8,65,0,,20482113,2,2,True,12408,1024,10,744,10.017429430998163,13.413974723100123,12.871658502263017,20.95252924918896,139.95603100192966,board_full,True,False,False,False,9721.845966000003,2393107,3366,2393107,813705,1267271,61080,2673,0,0,0,247995,2145112,51.47116978798192,6.001344086021505,0,0.0,246157.67503099312,0.3400203166845444,710.9646464646464
1.0.0,f71eebee-90d0-42ba-91ca-43a2f4dae1a8,66,0,,20482114,2,2,True,12560,1024,10,760,9.487271645004512,12.434822393381756,11.726428994734306,20.495484595448943,132.3861799974111,board_full,True,False,False,False,9196.707106000007,2262089,3441,2262089,768886,1207403,59409,2715,0,0,0,237221,2024868,50.647279500930466,5.5552631578947365,0,0.0,245967.27654012103,0.33990086154877197,657.3929090380703
1.0.0,f71eebee-90d0-42ba-91ca-43a2f4dae1a8,67,0,,20482115,2,2,True,7748,512,9,530,7.562897639996663,14.218903967961317,13.45475699781673,21.54800104653985,141.38644799822941,board_full,False,False,False,False,7351.899650000006,1891870,2388,1891870,631702,982996,46095,1905,0,0,0,188248,1703622,52.57454524826869,6.552830188679246,0,0.0,257330.77028601698,0.33390349231183963,792.2403685092128
1.0.0,f71eebee-90d0-42ba-91ca-43a2f4dae1a8,68,0,,20482116,2,2,True,36540,2048,11,1887,21.139306921999378,11.152984199889197,10.010136000346392,20.877052899595576,143.50092600216158,board_full,True,True,False,False,20414.39942500003,4497914,8556,4497914,1544626,2451789,126557,6714,0,0,0,513422,3984492,47.93328377181199,4.701112877583466,0,0.0,220330.45921947292,0.3434094115627822,525.7028985507246
1.0.0,f71eebee-90d0-42ba-91ca-43a2f4dae1a8,69,0,,20482117,2,2,True,15656,1024,10,917,12.56749966800271,13.652897496232175,13.085447004414164,20.98666299716569,136.62048200058052,board_full,True,False,False,False,12194.282541000004,2648959,4179,2648959,914830,1413927,71543,3307,0,0,0,286467,2362492,50.07397346312029,5.577971646673936,1,0.0,217229.5902685202,0.345354533611128,633.8738932759034
1.0.0,f71eebee-90d0-42ba-91ca-43a2f4dae1a8,70,0,,20482118,2,2,True,34616,2048,11,1783,22.484821247999207,12.559653739076175,11.684361001243815,20.777900102257263,144.39127199875657,board_full,True,True,False,False,21781.084883999967,5016920,8187,5016920,1679791,2710482,129833,6432,0,0,0,542760,4474160,49.23738772666138,5.241166573191251,0,0.0,230333.79772948538,0.33482515168669225,612.7910101380237
1.0.0,f71eebee-90d0-42ba-91ca-43a2f4dae1a8,71,0,,20482119,2,2,True,7392,512,9,515,7.521192088999669,14.554284285266265,14.292362997366581,22.227116298745383,122.03515700093703,board_full,False,False,False,False,7316.775606000001,1860401,2353,1860401,628584,960398,47080,1863,0,0,0,184203,1676198,51.80370902352675,6.446601941747573,0,0.0,254265.14357969497,0.33787554403593634,790.6506587335317
1.0.0,f71eebee-90d0-42ba-91ca-43a2f4dae1a8,72,0,,20482120,2,2,True,16848,1024,10,1002,12.195269188996463,12.120431957252245,11.13891400018474,20.960668300904217,122.37868399824947,board_full,True,False,False,False,11797.228471999995,2608549,4536,2608549,893210,1436323,69785,3571,0,0,0,289781,2318768,49.910717713561205,5.038922155688622,0,0.0,221115.40911420275,0.34241641617619606,575.0769400352734
1.0.0,f71eebee-90d0-42ba-91ca-43a2f4dae1a8,73,0,,20482121,2,2,True,16116,1024,10,941,13.103284780001559,13.874256970401639,13.360293000005186,22.025652004231233,133.87657899875194,board_full,True,False,False,False,12722.054383999992,2912204,4295,2912204,981968,1559009,73581,3398,0,0,0,303684,2608520,50.55384178516283,5.666312433581297,0,0.0,228909.88452797057,0.33719066384085733,678.0451688009313
1.0.0,f71eebee-90d0-42ba-91ca-43a2f4dae1a8,74,0,,20482122,2,2,True,34712,2048,11,1787,19.414188226997794,10.812475280378251,9.919759999320377,19.16444990056334,141.9464600039646,board_full,True,True,False,False,18715.79018200001,3937126,8075,3937126,1352832,2207701,111117,6320,0,0,0,462258,3474868,48.19978905417269,4.458310016787912,0,0.0,210363.86717919863,0.3436090183550133,487.56978328173375
1.0.0,f71eebee-90d0-42ba-91ca-43a2f4dae1a8,75,0,,20482123,2,2,True,15684,1024,10,920,10.957550715000252,11.86158111860372,11.266822501056595,18.582427699948305,130.88615299784578,board_full,True,False,False,False,10607.589113999982,2652540,4196,2652540,904009,1415357,70571,3314,0,0,0,285898,2366642,50.20817628114582,5.464130434782609,0,0.0,250060.59072359395,0.3408088096692227,632.159199237369
1.0.0,f71eebee-90d0-42ba-91ca-43a2f4dae1a8,76,0,,20482124,2,2,True,16624,1024,10,998,12.740986582000914,12.71526492986712,11.67230599821778,22.037394645303714,150.68486199743347,board_full,True,False,False,False,12341.602982,2770255,4559,2770255,951805,1493114,74378,3595,0,0,0,301063,2469192,50.132923496361165,5.2434869739478955,0,0.0,224464.76394033787,0.3435802841254686,607.6453169554727
1.0.0,f71eebee-90d0-42ba-91ca-43a2f4dae1a8,77,0,,20482125,2,2,True,16288,1024,10,963,11.649980419999338,12.048828458994167,10.986228997353464,21.352108299470274,130.09919400064973,board_full,True,False,False,False,11290.005668000009,2859500,4371,2859500,956564,1520019,73203,3437,0,0,0,299892,2559608,50.653191657565856,5.404984423676012,0,0.0,253277.10933793997,0.33452141982864136,654.1981239990848
1.0.0,f71eebee-90d0-42ba-91ca-43a2f4dae1a8,78,0,,20482126,2,2,True,16152,1024,10,950,12.697447729995474,13.313599201187332,12.65142150077736,20.763129299666616,152.807368998765,board_full,True,False,False,False,12314.820485999979,2743779,4326,2743779,934567,1471211,72964,3411,0,0,0,294557,2449222,49.79122133195846,5.444210526315789,0,0.0,222803.0041622813,0.34061307415794057,634.253120665742
1.0.0,f71eebee-90d0-42ba-91ca-43a2f4dae1a8,79,0,,20482127,2,2,True,31880,2048,11,1624,19.548914432998572,11.985244609604706,11.137934496218804,20.66680949828878,148.44279899989488,board_full,True,True,False,False,18894.495694999998,3932563,7345,3932563,1340418,2185019,106239,5774,0,0,0,445725,3486838,48.30210682947626,4.769704433497537,0,0.0,208132.73153623595,0.3408509920883658,535.4068073519401
1.0.0,f71eebee-90d0-42ba-91ca-43a2f4dae1a8,80,0,,20482128,2,2,True,17968,1024,10,1079,13.681239821002237,12.628780982439407,11.65087299887091,21.67001859488664,127.00765099725686,board_full,True,False,False,False,13258.219945999992,2980263,4934,2980263,1014000,1623174,78884,3882,0,0,0,323341,2656922,49.32975469910315,5.232622798887859,0,0.0,224786.0581690792,0.3402384286219035,604.0257397648967
1.0.0,f71eebee-90d0-42ba-91ca-43a2f4dae1a8,81,0,,20482129,2,2,True,12380,1024,10,742,10.568576086996472,14.191713365291577,13.609507997898618,22.863604000303894,144.59579100366682,board_full,True,False,False,False,10269.753061999985,2397180,3371,2397180,819651,1250834,63056,2680,0,0,0,245936,2151244,51.67620264702455,5.9568733153638815,0,0.0,233421.38662223693,0.341923009536205,711.1183625037081
1.0.0,f71eebee-90d0-42ba-91ca-43a2f4dae1a8,82,0,,20482130,2,2,True,15880,1024,10,926,10.866457262003678,11.686640148977062,11.46569750198978,19.669270754093304,133.23246599611593,board_full,True,False,False,False,10518.875581999991,2485368,4183,2485368,846536,1340317,66467,3293,0,0,0,270018,2215350,49.71108975671488,5.147948164146868,0,0.0,236276.9652160339,0.3406079099755046,594.1592158737748
1.0.0,f71eebee-90d0-42ba-91ca-43a2f4dae1a8,83,0,,20482131,2,2,True,37988,2048,11,2006,22.590155165999022,11.21215171530811,10.569406498689204,18.23301274816913,126.90493700210936,board_full,True,True,False,False,21827.259988000023,4814235,9155,4814235,1636261,2679810,131811,7195,0,0,0,550623,4263612,48.00848077023952,4.662512462612163,0,0.0,220560.66600419488,0.3398797524424961,525.8585472419443
1.0.0,f71eebee-90d0-42ba-91ca-43a2f4dae1a8,84,0,,20482132,2,2,True,15772,1024,10,931,10.927431610005442,11.688731980754703,10.975397999573033,20.21142700323253,122.21310700260801,board_full,True,False,False,False,10573.93870200001,2471891,4199,2471891,848671,1350721,66202,3310,0,0,0,269449,2202442,49.71656751433603,5.093447905477981,0,0.0,233772.01908050154,0.34332865000924395,588.6856394379614
1.0.0,f71eebee-90d0-42ba-91ca-43a2f4dae1a8,85,0,,20482133,2,2,True,33264,2048,11,1739,21.949494567998045,12.571073919537696,11.550813003850635,21.95557900049607,144.70147200336214,board_full,True,True,False,False,21266.841183999943,4505476,7874,4505476,1535794,2473175,121414,6198,0,0,0,503016,4002460,48.78094337474904,5.054054054054054,0,0.0,211854.49973594028,0.34087275129198336,572.1965963931927
1.0.0,f71eebee-90d0-42ba-91ca-43a2f4dae1a8,86,0,,20482134,2,2,True,27916,2048,11,1474,17.364032584002416,11.730768712987938,11.165044998051599,20.45794899931934,138.35274399752961,board_full,True,True,False,False,16799.505621000026,3474065,6655,3474065,1186417,1913263,95856,5224,0,0,0,395313,3078752,48.16715714282785,4.614654002713705,0,0.0,206795.6687759481,0.3415068514837805,522.0232907588279
1.0.0,f71eebee-90d0-42ba-91ca-43a2f4dae1a8,87,0,,20482135,2,2,True,14440,1024,10,833,10.410443437998765,12.447160516225408,11.69652499811491,21.576575399376452,133.12980000046082,board_full,True,False,False,False,10088.11425300001,2172548,3732,2172548,751548,1158370,60453,2952,0,0,0,237868,1934680,50.07229206910162,5.17406962785114,0,0.0,215357.1961532777,0.3459292959234963,582.1404072883173
1.0.0,f71eebee-90d0-42ba-91ca-43a2f4dae1a8,88,0,,20482136,2,2,True,16584,1024,10,994,11.86750605499401,11.890580792729173,10.7153204990027,21.41078829590697,128.12351300090086,board_full,True,False,False,False,11490.828488000025,2718843,4511,2718843,926861,1463309,73005,3552,0,0,0,294163,2424680,49.12689226165162,5.210261569416499,0,0.0,236609.8321665241,0.34090272958019274,602.7140323653292
1.0.0,f71eebee-90d0-42ba-91ca-43a2f4dae1a8,89,0,,20482137,2,2,True,12904,1024,10,778,10.307585652997659,13.200405615651686,12.546894500701455,20.850783845889964,133.15863699972397,board_full,True,False,False,False,10009.942029000014,2475591,3547,2475591,846321,1310979,64174,2805,0,0,0,257783,2217808,51.52340160107411,5.903598971722365,0,0.0,247313.2204789911,0.34186624527234105,697.9393853961094
1.0.0,f71eebee-90d0-42ba-91ca-43a2f4dae1a8,90,0,,20482138,2,2,True,16900,1024,10,1014,12.536791888000153,12.315165749444494,11.435359501774656,21.345464844489467,119.73756500083255,board_full,True,False,False,False,12152.428390000006,2991215,4575,2991215,994553,1588371,77490,3603,0,0,0,314827,2676388,50.29334018461067,5.512820512820513,0,0.0,246141.33932781796,0.3324913120588122,653.8174863387978
1.0.0,f71eebee-90d0-42ba-91ca-43a2f4dae1a8,91,0,,20482139,2,2,True,32956,2048,11,1693,19.62012048800534,11.540089779720411,10.803195997141302,19.778050004970282,134.01196199993137,board_full,True,True,False,False,18983.227785,4384900,7657,4384900,1467270,2412987,114324,6010,0,0,0,482038,3902862,48.930837978679925,4.952155936207915,0,0.0,230988.1148592033,0.3346188054459623,572.6655348047539
1.0.0,f71eebee-90d0-42ba-91ca-43a2f4dae1a8,92,0,,20482140,2,2,True,27200,2048,11,1408,16.540659662001417,11.698439558854675,11.36075500107836,19.400491299165875,130.5184110024129,board_full,True,True,False,False,16006.310833,3636605,6363,3636605,1241140,1969897,98704,5008,0,0,0,401941,3234664,48.755876576092795,4.9382102272727275,0,0.0,227198.19938161262,0.3412908468200423,571.5236523652366
1.0.0,f71eebee-90d0-42ba-91ca-43a2f4dae1a8,93,0,,20482141,2,2,True,17248,1024,10,1041,12.926464813004714,12.368870823337183,11.861348000820726,20.486686000367627,127.4554880001233,board_full,True,False,False,False,12531.480103999998,2987072,4714,2987072,1015174,1604291,77825,3722,0,0,0,318770,2668302,49.82733976585092,5.366954851104707,0,0.0,238365.45844624838,0.3398558856298074,633.6597369537548
1.0.0,f71eebee-90d0-42ba-91ca-43a2f4dae1a8,94,0,,20482142,2,2,True,17628,1024,10,1042,12.61997430199699,12.06292601813622,11.855999498948222,19.053239555069013,125.4336189958849,board_full,True,False,False,False,12227.369611999982,2927757,4700,2927757,996803,1593401,76421,3705,0,0,0,314421,2613336,49.695066710311266,5.3531669865642995,0,0.0,239442.91314516976,0.34046643898383644,622.9270212765957
1.0.0,f71eebee-90d0-42ba-91ca-43a2f4dae1a8,95,0,,20482143,2,2,True,25224,2048,11,1304,17.602585268999974,13.44633948084695,12.846603498473996,22.279087851347853,152.7625469971099,board_full,True,True,False,False,17070.584752000013,3586172,5912,3586172,1215764,1914786,94975,4670,0,0,0,386888,3199284,49.28839872832459,5.196319018404908,0,0.0,210079.0366645079,0.33901441425564643,606.5920162381597
1.0.0,f71eebee-90d0-42ba-91ca-43a2f4dae1a8,96,0,,20482144,2,2,True,15476,1024,10,897,11.036910056005581,12.255282440271987,11.537196005519945,21.33207339938962,126.05913099832833,board_full,True,False,False,False,10694.03469399999,2469318,4090,2469318,848887,1341853,65996,3235,0,0,0,268142,2201176,50.24380886172263,5.20958751393534,0,0.0,230906.11454490968,0.3437738679262857,603.7452322738386
1.0.0,f71eebee-90d0-42ba-91ca-43a2f4dae1a8,97,0,,20482145,2,2,True,7228,512,9,502,7.43658306600264,14.763650938289809,14.219933498679893,23.103327099306625,140.32755000516772,board_full,False,False,False,False,7235.542701000006,1698603,2288,1698603,585474,868670,44427,1829,0,0,0,173823,1524780,52.41723772561482,6.2848605577689245,1,0.0,234758.20269366115,0.3446797162138534,742.396416083916
1.0.0,f71eebee-90d0-42ba-91ca-43a2f4dae1a8,98,0,,20482146,2,2,True,17600,1024,10,1036,11.688258583999414,11.233338248266977,10.260987000947352,19.248855001933407,132.10925599560142,board_full,True,False,False,False,11295.370789000008,2425333,4659,2425333,831407,1313934,67674,3670,0,0,0,273939,2151394,47.35126907571962,4.647683397683398,0,0.0,214719.20181335785,0.3428011741068134,520.5694355011805
1.0.0,f71eebee-90d0-42ba-91ca-43a2f4dae1a8,99,0,,20482147,2,2,True,16892,1024,10,1028,12.628398299995752,12.236009555402408,12.159843998233555,20.685379046335584,132.4685639992822,board_full,True,False,False,False,12239.417507000015,2887662,4638,2887662,980453,1522151,77290,3645,0,0,0,308992,2578670,49.3227858268225,5.248054474708171,0,0.0,235931.32584524364,0.3395317734554806,622.6093143596378
